Stage I,Stage II,Stage III,Stage IV
0.45930232558139533,0.3808139534883721,0.11046511627906977,0.04941860465116279
0.17162471395881007,0.14416475972540047,0.2219679633867277,0.4622425629290618
0.1990972918756269,0.279839518555667,0.3164493480441324,0.2046138415245737
0.44148936170212766,0.4136661211129296,0.10024549918166939,0.04459901800327332
0.5961538461538461,0.20512820512820512,0.11538461538461539,0.08333333333333333
0.16817496229260936,0.3137254901960784,0.30618401206636503,0.2119155354449472
0.6100558659217877,0.09944134078212291,0.1653631284916201,0.12513966480446928
0.08955223880597014,0.3582089552238806,0.208955223880597,0.34328358208955223
0.505720823798627,0.09382151029748284,0.2745995423340961,0.12585812356979406
0.199479618386817,0.08542931483087597,0.23243712055507373,0.4826539462272333
0.6784203102961918,0.2637517630465444,0.039492242595204514,0.018335684062059238
0.18895348837209303,0.10465116279069768,0.23837209302325582,0.4680232558139535
0.038535645472061654,0.2543352601156069,0.29865125240847784,0.40847784200385356
0.06629055007052186,0.22143864598025387,0.27926657263751764,0.4330042313117066
0.38306451612903225,0.07661290322580645,0.32661290322580644,0.21370967741935484
0.11851851851851852,0.12222222222222222,0.2074074074074074,0.5518518518518518
0.35852090032154343,0.16237942122186494,0.31430868167202575,0.1647909967845659
0.26047904191616766,0.2125748502994012,0.33682634730538924,0.19011976047904192
0.14210526315789473,0.13157894736842105,0.22631578947368422,0.5
0.4852752880921895,0.22023047375160051,0.2023047375160051,0.09218950064020487
0.7291242362525459,0.07739307535641547,0.09979633401221996,0.09368635437881874
0.45811727163940963,0.3611886717191863,0.1156761069006781,0.06501794974072597
0.17354630294328788,0.16080402010050251,0.20710696338837042,0.4585427135678392
0.20628165447383232,0.2751477208778841,0.3232273494653911,0.19534327518289252
0.4364396999422966,0.41860934795152915,0.10115406809001731,0.04379688401615695
0.5646672914714151,0.20056232427366447,0.1204311152764761,0.11433926897844424
0.1729362591431557,0.30250783699059564,0.32136886102403345,0.20318704284221525
0.579221201528331,0.09893504593122511,0.1937240874725632,0.12811966506788067
0.12471910112359551,0.3449438202247191,0.23820224719101124,0.29213483146067415
0.4873134328358209,0.0873134328358209,0.25541044776119404,0.16996268656716418
0.21032529123432428,0.08619262842956267,0.22996371506779553,0.47351836526831753
0.6641918330490619,0.2612621651449784,0.048861242098926456,0.02568475970703321
0.17706919945725916,0.1282225237449118,0.2091813658977838,0.48552691090004524
0.05130656469088592,0.23565965583173995,0.28648820905035055,0.42654557042702357
0.07625099285146943,0.2194485419266992,0.27016906842164984,0.43413139680018153
0.33439237490071483,0.07360338893301561,0.36086841408525283,0.23113582208101668
0.1025760037131585,0.1531677883499652,0.19447667672313762,0.5497795312137387
0.35878746167803294,0.1614840768316336,0.30604392166677097,0.17368453982356252
0.27496771416272064,0.21879035729659924,0.3270555316401205,0.17918639690055962
0.13795821836815136,0.17934568387859676,0.22979897516752068,0.45289712258573117
0.4732022363601311,0.21968382494698285,0.18787352997879314,0.11924040871409293
0.7287949921752739,0.07996870109546166,0.11940532081377152,0.07183098591549296
0.4371181799030967,0.35748894038340007,0.13229408047187696,0.0730987992416263
0.17220611197858576,0.17109078741913897,0.21414231541378542,0.44256078518848985
0.18890004634636182,0.26691642206086824,0.32670322879653946,0.21748030279623048
0.38907740115012324,0.4408329463871129,0.11715540950816158,0.05293424295460228
0.53309265944645,0.14620938628158844,0.1865222623345367,0.1341756919374248
0.16530784368850154,0.2937306719145347,0.31908912004498174,0.22187236435198202
0.5558276199804114,0.09079333986287953,0.20264446620959845,0.15073457394711068
0.11363636363636363,0.3315508021390374,0.22058823529411764,0.3342245989304813
0.48761544920235095,0.07829554995801848,0.2573467674223342,0.1767422334172964
0.2131740238275601,0.07530473107912679,0.21245093313132704,0.4990703119619861
0.6114063053489196,0.300035423308537,0.06057385759829968,0.02798441374424371
0.1774193548387097,0.1418242491657397,0.21913236929922136,0.46162402669632924
0.039164941338854384,0.22705314009661837,0.27070393374741203,0.46307798481711526
0.06318919588650725,0.20418783298228224,0.25969520505513566,0.47292776607607484
0.311854863934939,0.08226462308414138,0.33938066937754147,0.2664998436033782
0.10821234119782214,0.1560798548094374,0.17899274047186933,0.5567150635208712
0.34811529933481156,0.15262379896526237,0.29354520817935453,0.20571569352057156
0.24065622301714568,0.20809177254224745,0.34340693228074504,0.20784507215986184
0.12439560439560439,0.14593406593406594,0.23164835164835165,0.498021978021978
0.4624119440647671,0.2176427294711387,0.19493218378719376,0.12501314267690042
0.7086525883012521,0.07867688282564007,0.12595776490375632,0.08671276396935153
0.4404628592758492,0.3648749533407988,0.12224710712952594,0.07241508025382605
0.1646273637374861,0.1692992213570634,0.2189098998887653,0.4471635150166852
0.22239307120218407,0.2637524712084602,0.3216493551322685,0.19220510245708727
0.4245860230143138,0.4248105529048555,0.10067358967162504,0.049929834409205724
0.5245813074014046,0.15721231766612642,0.18260399783900594,0.13560237709346298
0.19782230762192332,0.2900997346509287,0.3153078964223625,0.19677006130478544
0.5614939973321477,0.08617163183637172,0.20302356602934638,0.1493108048021343
0.11597938144329897,0.32603092783505155,0.22551546391752578,0.3324742268041237
0.49480968858131485,0.07420222991157248,0.2639369473279508,0.16705113417916187
0.2202609363008442,0.07901637247377846,0.2156242005628038,0.48509849066257354
0.6243641466409402,0.29486055078056483,0.05665672689001929,0.024118575688475707
0.16451068616422948,0.14116985376827895,0.22525309336332958,0.46906636670416196
0.04766981419433445,0.23606457508376485,0.26454462381967714,0.45172098690222356
0.06838540528730609,0.21345859733449857,0.25835700240332093,0.45979899497487436
0.33442233442233443,0.07276507276507277,0.3261063261063261,0.2667062667062667
0.11773601209764528,0.14452365521710953,0.16871894577662563,0.5690213869086196
0.35188205145272405,0.15515692082404234,0.29443871268346256,0.19852231503977102
0.2760515536017584,0.2062144070336697,0.3354980517534219,0.18223598761114995
0.12094281298299846,0.1561051004636785,0.2426584234930448,0.4802936630602782
0.4672348484848485,0.22168560606060606,0.19204545454545455,0.11903409090909091
0.6996847519495603,0.07184337149493944,0.140534262485482,0.08793761407001825
0.44052361980648835,0.35818630240940996,0.12749003984063745,0.07380003794346424
0.17284432305891534,0.16913772922356612,0.22805306281701132,0.4299648849005072
0.23062287202082915,0.25932972828626744,0.3243207156686027,0.18572668402430068
0.43331343593470195,0.4190392151773896,0.10093171731852275,0.04671563156938569
0.5078720162519045,0.14982224479431183,0.19908583037074656,0.14321990858303707
0.20422022798932815,0.28382245937424205,0.31869997574581616,0.19325733689061364
0.5514613516455908,0.08449878569634034,0.21070262122100328,0.15333724143706556
0.1079219288174512,0.3547646383467279,0.20321469575200918,0.3340987370838117
0.49711295561169255,0.0757849151930711,0.25442078671959584,0.17268134247564057
0.23861972174762022,0.08249938979741274,0.21100805467415182,0.46787283378081523
0.6430205949656751,0.2794050343249428,0.05522501906941266,0.02234935163996949
0.1757860856647685,0.1349343897004209,0.24065362713542957,0.44862589749938103
0.04350453172205438,0.23323262839879155,0.2654078549848943,0.4578549848942598
0.07114797031863815,0.21475338280226974,0.2517459624618071,0.46235268441728505
0.3076713076713077,0.07671307671307671,0.3387933387933388,0.27682227682227684
0.13144226927686775,0.1546144626448262,0.16200559328805433,0.5519376747902517
0.3712234217379213,0.15933051854473745,0.29459206634136476,0.17485399337597654
0.288879374933105,0.20528738092689713,0.3367226800813443,0.16911056405865355
0.1430817610062893,0.16666666666666666,0.21619496855345913,0.4740566037735849
0.4695274206973088,0.2134467770276519,0.1925460094330898,0.1244797928419495
0.7066096053257251,0.06863211285465208,0.13995878903154224,0.08479949278808052
0.44737756165335185,0.33622785689475515,0.13963181660298715,0.07676276484890587
0.17672749961004525,0.16861644049290284,0.2066760255810326,0.44798003431601935
0.23618976882369325,0.25361309689598616,0.3198403119487513,0.19035682233156934
0.40778145277349964,0.4350998560860454,0.10674880702906052,0.05036988411139445
0.5057242409158785,0.14285714285714285,0.20806371329019413,0.14335490293678446
0.21053330970942594,0.2779500354358611,0.31462615166548547,0.1968905031892275
0.5475853858173971,0.08319071359476152,0.20916734876106854,0.16005655182677284
0.12737642585551331,0.34790874524714827,0.1958174904942966,0.3288973384030418
0.4937471749284315,0.08211541359047762,0.2504143438300437,0.17372306765104717
0.27215021699979336,0.0829027781878303,0.20377313926367688,0.4411738655486995
0.654115408142459,0.27044110650445186,0.05423774892951811,0.02120573642357099
0.17662082514734775,0.1363457760314342,0.21669941060903733,0.47033398821218075
0.047797293406276996,0.25741433918802187,0.24316153181687303,0.4516268355888281
0.07869362363919129,0.2321410057024365,0.23203732503888025,0.45712804561949194
0.2974022821073076,0.07016266084000972,0.3355183296916727,0.29691672736100994
0.14080510728852633,0.14115978010285513,0.1707749600993084,0.5472601525093101
0.3861158558444571,0.15058729254971426,0.29221231100145506,0.1710845406043736
0.2956762863304919,0.19718599157851494,0.33192975249050016,0.17520796960049295
0.15820674323823639,0.1670989255279733,0.20340866987773248,0.4712856613560578
0.47220653489310205,0.200161355385236,0.19895118999596612,0.12868091972569584
0.7000410340582683,0.07413486527150868,0.13828477636438244,0.08753932430584051
0.45242283703822167,0.3321605629297937,0.1301775147928994,0.08523908523908524
0.1791755419120411,0.1680240571356973,0.21488535271269266,0.43791504823956895
0.23889792344258193,0.2494996247185389,0.31520515386539905,0.1963972979734801
0.4237357064255299,0.4262714702645806,0.10210037797234582,0.04789244533754366
0.4694364851957975,0.15950334288443171,0.21298949379178606,0.15807067812798473
0.21417791193181818,0.27445845170454547,0.3073508522727273,0.2040127840909091
0.5738278516445067,0.07732680195941218,0.2020293911826452,0.14681595521343596
0.11561561561561562,0.3400900900900901,0.24549549549549549,0.2987987987987988
0.5175015460729746,0.07260358688930117,0.2504638218923933,0.15943104514533085
0.30811599790697036,0.08630993362892787,0.1882349701192476,0.41733909834485416
0.6601630190616777,0.26513060779154096,0.05282074321288749,0.021885629933893844
0.181068653876645,0.13667353733946408,0.215633423180593,0.46662438560329794
0.05696636925188744,0.24008236101578587,0.24927934111187372,0.45367192862045297
0.08864789573176798,0.2186847079892548,0.23500149238881704,0.4576659038901602
0.3447091158955566,0.07306459001374256,0.3163078332569858,0.26591846083371506
0.13865987108379554,0.13656123519712188,0.1711887273272373,0.5535901663918453
0.4070474577575921,0.1408336861552673,0.2838420384126862,0.1682768176744544
0.2978408128704488,0.18998729889923793,0.33393310753598643,0.17823878069432683
0.17208966015907448,0.16232827187274043,0.19739696312364424,0.46818510484454084
0.48911982145348026,0.1857999721021063,0.1980053005998047,0.12707490584460873
0.7295019157088123,0.05772669220945083,0.13537675606641125,0.07739463601532567
0.4603368318281669,0.3309738833292653,0.11715889675372224,0.09153038808884549
0.18304012650721485,0.16030836133623247,0.20517888910851947,0.4514726230480332
0.23652910868204363,0.24818221216352868,0.3252756777579814,0.19001300139644628
0.41860036153023206,0.4392223410927067,0.09573172981148781,0.04644556756557347
0.45846394984326017,0.16849529780564262,0.2468652037617555,0.12617554858934169
0.2121191650341147,0.28048368573937715,0.3086536512869013,0.19874349793960683
0.6083465279348563,0.07543542185026013,0.19339515946618413,0.12282289074869938
0.11336515513126491,0.3520286396181384,0.20883054892601433,0.32577565632458233
0.5309130122214234,0.06667864845434938,0.24802300503235084,0.15438533429187634
0.33093584999792125,0.08057207001205671,0.18600590362948488,0.40248617636053713
0.6561067111296374,0.2838682784493539,0.0409545644018341,0.019070446019174656
0.1852594635246929,0.12584607671095513,0.21408874404612685,0.4748057157182251
0.04950495049504951,0.24085234610417564,0.25053809728798965,0.4591046061127852
0.08536209553158705,0.21756548536209552,0.23513097072419106,0.46194144838212636
0.39402767662053895,0.09577567370721049,0.28623452294246177,0.2239621267297888
0.1522468142186452,0.1372680527610105,0.15515314106863404,0.5553319919517102
0.4402964589623936,0.14084545704090035,0.265550370573703,0.153307713423003
0.29711602951039573,0.16800804828973842,0.36653252850435947,0.16834339369550638
0.175704989154013,0.15889370932754882,0.1963123644251627,0.4690889370932755
0.5009833350584826,0.17875996273677672,0.19252665355553256,0.12773004864920814
0.7701244813278009,0.03921161825726141,0.12634854771784232,0.06431535269709543
